{
    "version": "1.0",
    "envConfig": {
        "test": {
            
           
            "kvms": [
                {
                    "name": "backend_account_config",
                    "entry": [
                        {
                            "name": "COMPANY",
                            "value": "example.com"
                        },
                        {
                            "name": "PREFIX",
                            "value": "EXMPL"
                        }
                    ]
                }
            ]
        }
    },
    "orgConfig": {
        
       
               
        "kvms": [
            {
                "name": "user_account_status_new",
                "entry": [
                    {
                        "name": "ACTIVE",
                        "value": "001"
                    },
                    {
                        "name": "DISABLED",
                        "value": "002"
                    }
                ]
            },
            {
                "name": "validation_rules_new",
                "entry": [
                    {
                        "name": "name_max_length",
                        "value": "15"
                    },
                    {
                        "name": "max_start_date",
                        "value": "1460896299"
                    }
                ]
            }
        ]
    }
}