{
    "version": "1.0",
    "envConfig": {
        "test": {
            "targetServers": [
                {
                    "name": "Enterprisetarget",
                    "host": "example.com",
                    "isEnabled": true,
                    "port": 3080,
                    "sSLInfo": {
                        "enabled": "true",
                        "clientAuthEnabled": "false",
                        "keyStore": "keystore_name",
                        "trustStore": "truststore_name",
                        "keyAlias": "key_alias",
                        "ignoreValidationErrors": "false"
                    }
                },
                {
                    "name": "ESBTarget",
                    "host": "enterprise.com",
                    "isEnabled": true,
                    "port": 3080,
                    "sSLInfo": {
                        "enabled": "true",
                        "clientAuthEnabled": "false",
                        "keyStore": "keystore_name",
                        "trustStore": "truststore_name",
                        "keyAlias": "key_alias",
                        "ignoreValidationErrors": "false"
                    }
                }
            ],
            "caches": [
                {
                    "name": "quote",
                    "description": "products quote"
                },
                {
                    "name": "userMetadata",
                    "description": "user metadata cache",
                    "diskSizeInMB": 0,
                    "distributed": true,
                    "inMemorySizeInKB": 0,
                    "maxElementsInMemory": 0,
                    "maxElementsOnDisk": 0,
                    "overflowToDisk": false,
                    "persistent": false
                }
            ],
            "kvms": [
                {
                    "name": "backend_account_config",
					"encrypted":"true"
                    "entry": [
                        {
                        
                            "name": "COMPANY",
                            "value": "ZXhhbXBsZS5jb20="
							
                        },
                        {
                            "name": "PREFIX",
                            "value": "RVhNUEw="
							                        }
                    ]
                }
            ]
        },
        "dev": {
            "caches": [],
            "targetServers": []
        }
    },
    "orgConfig": {
        "maskconfigs": [
            {
                "name": "default",
                "jSONPathsFault": [
                    "$.store.book[*].author"
                ],
                "variables": [
                    "request.header.user-agent",
                    "request.formparam.password"
                ]
            }
        ],
        "apiProducts": [
            {
                "name": "weatherProduct",
                "displayName": "weather Product",
                "description": "weather Product",
                "apiResources": [
                    "/**"
                ],
                "approvalType": "auto",
                "attributes": [
                    {
                        "name": "developer.quota.limit",
                        "value": "10000"
                    },
                    {
                        "name": "developer.quota.interval",
                        "value": "1"
                    },
                    {
                        "name": "developer.quota.timeunit",
                        "value": "month"
                    }
                ],
                "environments": [
                    "test"
                ],
                "proxies": [
                    "forecastweatherapi"
                ],
                "quota": "10000",
                "quotaInterval": "1",
                "quotaTimeUnit": "month",
                "scopes": []
            }
        ],
        "developers": [
            {
                "attributes": [],
                "email": "hugh@example.com",
                "firstName": "Hugh",
                "lastName": "Jack",
                "userName": "hughexample"
            },
            {
                "attributes": [],
                "email": "grant@enterprise.com",
                "firstName": "Grant",
                "lastName": "Smith",
                "userName": "grantsmith"
            }
        ],
        "developerApps": {
            "hugh@example.com": [
                {
                    "name": "coolhughapp",
                    "apiProducts": [
                        "weatherProduct"
                    ],
                    "callbackUrl": "http://weatherapp.com",
                    "scopes": []
                }
            ],
            "grant@enterprise.com": [
                {
                    "name": "grantoneapp",
                    "apiProducts": [
                        "weatherProduct"
                    ],
                    "callbackUrl": "http://weatherapp.com",
                    "scopes": []
                }
            ]
        },
        "kvms": [
            {
                "name": "user_account_status",
				"encrypted":"true"
                "entry": [
                    {
                        "name": "ACTIVE",
                        "value": "RVhNUEw="
                    },
                    {
                        "name": "DISABLED",
                        "value": "RVhNUEw="
                    }
                ]
            },
            {
                "name": "validation_rules",
				"encrypted":"true"
                "entry": [
                    {
                        "name": "name_max_length",
                        "value": "15"
                    },
                    {
                        "name": "max_start_date",
                        "value": "1460896299"
                    }
                ]
            }
        ]
    },
    "apiConfig": {
        "forecastweatherapi": {
            "kvms": [
                {
                    "name": "AUTH_ERROR_CODES",
					"encrypted":"true"
                    "entry": [
                        {
                            "name": "COMPANY",
                            "value": "Shire"
                        },
                        {
                            "name": "PREFIX",
                            "value": "Shire"
                        }
                    ]
                }
            ],
            "maskconfigs": [
                {
                    "name": "default",
                    "xPathsRequest": [
                        "/apigee:Greeting/apigee:User"
                    ],
                    "xPathsResponse": [
                        "/apigee:Greeting/apigee:User"
                    ]
                }
            ]
        }
    }
}