<?xml version="1.0"?>
<project xmlns="http://maven.apache.org/POM/4.0.0" xmlns:xsi="http://www.w3.org/2001/XMLSchema-instance" xsi:schemaLocation="http://maven.apache.org/POM/4.0.0 http://maven.apache.org/xsd/maven-4.0.0.xsd">
	<modelVersion>4.0.0</modelVersion>
	<groupId>shire-edge</groupId>
	<artifactId>parent-pom</artifactId>
	<packaging>pom</packaging>
	<version>1.0</version>
	<pluginRepositories>
        <pluginRepository>
            <id>central</id>
            <name>Maven Plugin Repository</name>
            <url>http://repo1.maven.org/maven2</url>
            <layout>default</layout>
            <snapshots>
                <enabled>false</enabled>
            </snapshots>
            <releases>
                <updatePolicy>never</updatePolicy>
            </releases>
        </pluginRepository>
    </pluginRepositories>
    <properties>
            <main.basedir>${project.basedir}</main.basedir>
    </properties>

    <build>
        <plugins>
            <plugin>
                <artifactId>maven-clean-plugin</artifactId>
                <version>2.5</version>
            </plugin>

            <plugin>
                <groupId>com.apigee.edge.config</groupId>
                <artifactId>apigee-config-maven-plugin</artifactId>
                <version>1.2.1</version>
                <executions>
                    <execution>
                        <id>create-config-cache</id>
                        <phase>verify</phase>                        
                        <goals>
                            <goal>caches</goal>
                        </goals>
                    </execution>
                    <execution>
                        <id>create-config-targetserver</id>
                        <phase>verify</phase>                        
                        <goals>
                            <goal>targetservers</goal>
                        </goals>
                    </execution>
                    <execution>
                        <id>create-config-resourcefiles</id>
                        <phase>install</phase>                        
                        <goals>
                            <goal>resourcefiles</goal>
                        </goals>
                    </execution>
                    <execution>
                        <id>create-config-apiproduct</id>
                        <phase>install</phase>                        
                        <goals>
                            <goal>apiproducts</goal>
                        </goals>
                    </execution>
                    <execution>
                        <id>create-config-developer</id>
                        <phase>install</phase>                        
                        <goals>
                            <goal>developers</goal>
                        </goals>
                    </execution>
                    <execution>
                        <id>create-config-app</id>
                        <phase>install</phase>                        
                        <goals>
                            <goal>apps</goal>
                        </goals>
                    </execution>
                </executions>
            </plugin>            
        </plugins>
    </build>
<!-- This is where you add the environment specific properties under various profile names -->
 <profiles>
    <profile>
            <id>dev</id>
            <properties>
                <org>shire-nonprod</org>  <!-- default org, replace with default org to avoid passing parameter e.g. -Dorg shire-nonprod -->
                <options>validate,update</options>  <!-- default org, replace with default org to avoid passing parameter e.g. -Dorg shire-nonprod -->
                <apigee.profile>dev</apigee.profile>
                <apigee.env>dev</apigee.env>
                <apigee.hosturl>https://api.enterprise.apigee.com</apigee.hosturl>
                <apigee.apiversion>v1</apigee.apiversion>
                <apigee.org>${org}</apigee.org>
                <apigee.username>${username}</apigee.username>
                <apigee.password>${password}</apigee.password>
                <apigee.options>${options}</apigee.options>
                <apigee.revision>${revision}</apigee.revision> <!-- used while trying to update revision, use when option=update only -->
                <apigee.tokenurl>https://shire-nonprod.login.apigee.com/oauth/token</apigee.tokenurl> <!-- optional: oauth -->
                <apigee.mfatoken>${mfatoken}</apigee.mfatoken> <!-- optional: mfa -->
                <apigee.authtype>oauth</apigee.authtype> <!-- optional: oauth|basic(default) -->
                <apigee.bearer>${bearer}</apigee.bearer> <!-- optional: Bearer token override -->
                <apigee.refresh>${refresh}</apigee.refresh> <!-- optional: Refresh token override -->
                <apigee.clientid>${clientId}</apigee.clientid> <!-- optional: Oauth Client Id - Default is edgecli-->
                <apigee.clientsecret>${clientSecret}</apigee.clientsecret> <!-- optional: Oauth Client Secret Default is edgeclisecret-->
                <!--apigee.override.delay>100000</apigee.override.delay> -->
                <!--apigee.delay>1000</apigee.delay-->
            </properties>
            </profile>
        <profile>
            <id>test</id>
            <properties>
                <org>shire-nonprod</org>  <!-- default org, replace with default org to avoid passing parameter e.g. -Dorg shire-nonprod -->
                <options>validate,update</options>  <!-- default org, replace with default org to avoid passing parameter e.g. -Dorg shire-nonprod -->
                <apigee.profile>test</apigee.profile>
                <apigee.env>test</apigee.env>
                <apigee.hosturl>https://api.enterprise.apigee.com</apigee.hosturl>
                <apigee.apiversion>v1</apigee.apiversion>
                <apigee.org>${org}</apigee.org>
                <apigee.username>${username}</apigee.username>
                <apigee.password>${password}</apigee.password>
                <apigee.options>${options}</apigee.options>
                <apigee.revision>${revision}</apigee.revision> <!-- used while trying to update revision, use when option=update only -->
                <apigee.tokenurl>https://shire-nonprod.login.apigee.com/oauth/token</apigee.tokenurl> <!-- optional: oauth -->
                <apigee.mfatoken>${mfatoken}</apigee.mfatoken> <!-- optional: mfa -->
                <apigee.authtype>oauth</apigee.authtype> <!-- optional: oauth|basic(default) -->
                <apigee.bearer>${bearer}</apigee.bearer> <!-- optional: Bearer token override -->
                <apigee.refresh>${refresh}</apigee.refresh> <!-- optional: Refresh token override -->
                <apigee.clientid>${clientId}</apigee.clientid> <!-- optional: Oauth Client Id - Default is edgecli-->
                <apigee.clientsecret>${clientSecret}</apigee.clientsecret> <!-- optional: Oauth Client Secret Default is edgeclisecret-->
                <!--apigee.override.delay>100000</apigee.override.delay> -->
                <!--apigee.delay>1000</apigee.delay-->
            </properties>
        </profile>
        <profile>
            <id>uat-performance</id>
            <properties>
                <org>shire-nonprod</org>  <!-- default org, replace with default org to avoid passing parameter e.g. -Dorg shire-nonprod -->
                <options>validate,update</options>  <!-- default org, replace with default org to avoid passing parameter e.g. -Dorg shire-nonprod -->
                <apigee.profile>uat-performance</apigee.profile>
                <apigee.env>uat-performance</apigee.env>
                <apigee.hosturl>https://api.enterprise.apigee.com</apigee.hosturl>
                <apigee.apiversion>v1</apigee.apiversion>
                <apigee.org>${org}</apigee.org>
                <apigee.username>${username}</apigee.username>
                <apigee.password>${password}</apigee.password>
                <apigee.options>${options}</apigee.options>
                <apigee.revision>${revision}</apigee.revision> <!-- used while trying to update revision, use when option=update only -->
                <apigee.tokenurl>https://shire-nonprod.login.apigee.com/oauth/token</apigee.tokenurl> <!-- optional: oauth -->
                <apigee.mfatoken>${mfatoken}</apigee.mfatoken> <!-- optional: mfa -->
                <apigee.authtype>oauth</apigee.authtype> <!-- optional: oauth|basic(default) -->
                <apigee.bearer>${bearer}</apigee.bearer> <!-- optional: Bearer token override -->
                <apigee.refresh>${refresh}</apigee.refresh> <!-- optional: Refresh token override -->
                <apigee.clientid>${clientId}</apigee.clientid> <!-- optional: Oauth Client Id - Default is edgecli-->
                <apigee.clientsecret>${clientSecret}</apigee.clientsecret> <!-- optional: Oauth Client Secret Default is edgeclisecret-->
                <!--apigee.override.delay>100000</apigee.override.delay> -->
                <!--apigee.delay>1000</apigee.delay-->
            </properties>
        </profile>
        <profile>
            <id>qa</id>
            <properties>
                <org>shire-nonprod</org>  <!-- default org, replace with default org to avoid passing parameter e.g. -Dorg shire-nonprod -->
                <options>validate,override</options>  <!-- default org, replace with default org to avoid passing parameter e.g. -Dorg shire-nonprod -->
                <apigee.profile>qa</apigee.profile>
                <apigee.env>qa</apigee.env>
                <apigee.hosturl>https://api.enterprise.apigee.com</apigee.hosturl>
                <apigee.apiversion>v1</apigee.apiversion>
                <apigee.org>${org}</apigee.org>
                <apigee.username>${username}</apigee.username>
                <apigee.password>${password}</apigee.password>
                <apigee.options>${options}</apigee.options>
                <apigee.revision>${revision}</apigee.revision> <!-- used while trying to update revision, use when option=update only -->
                <apigee.tokenurl>https://shire-nonprod.login.apigee.com/oauth/token</apigee.tokenurl> <!-- optional: oauth -->
                <apigee.mfatoken>${mfatoken}</apigee.mfatoken> <!-- optional: mfa -->
                <apigee.authtype>oauth</apigee.authtype> <!-- optional: oauth|basic(default) -->
                <apigee.bearer>${bearer}</apigee.bearer> <!-- optional: Bearer token override -->
                <apigee.refresh>${refresh}</apigee.refresh> <!-- optional: Refresh token override -->
                <apigee.clientid>${clientId}</apigee.clientid> <!-- optional: Oauth Client Id - Default is edgecli-->
                <apigee.clientsecret>${clientSecret}</apigee.clientsecret> <!-- optional: Oauth Client Secret Default is edgeclisecret-->
                <apigee.override.delay>100000</apigee.override.delay> 
                <!--apigee.delay>1000</apigee.delay-->
            </properties>
        </profile>
        <profile>
            <id>prod</id>
            <properties>
                <org>shire-prod</org>  <!-- default org, replace with default org to avoid passing parameter e.g. -Dorg shire-nonprod -->
                <options>validate,override</options>  <!-- default org, replace with default org to avoid passing parameter e.g. -Dorg shire-nonprod -->
                <apigee.profile>prod</apigee.profile>
                <apigee.env>prod</apigee.env>
                <apigee.hosturl>https://api.enterprise.apigee.com</apigee.hosturl>
                <apigee.apiversion>v1</apigee.apiversion>
                <apigee.org>${org}</apigee.org>
                <apigee.username>${username}</apigee.username>
                <apigee.password>${password}</apigee.password>
                <apigee.options>${options}</apigee.options>
                <apigee.revision>${revision}</apigee.revision> <!-- used while trying to update revision, use when option=update only -->
                <apigee.tokenurl>https://shire-prod.login.apigee.com/oauth/token</apigee.tokenurl> <!-- optional: oauth -->
                <apigee.mfatoken>${mfatoken}</apigee.mfatoken> <!-- optional: mfa -->
                <apigee.authtype>oauth</apigee.authtype> <!-- optional: oauth|basic(default) -->
                <apigee.bearer>${bearer}</apigee.bearer> <!-- optional: Bearer token override -->
                <apigee.refresh>${refresh}</apigee.refresh> <!-- optional: Refresh token override -->
                <apigee.clientid>${clientId}</apigee.clientid> <!-- optional: Oauth Client Id - Default is edgecli-->
                <apigee.clientsecret>${clientSecret}</apigee.clientsecret> <!-- optional: Oauth Client Secret Default is edgeclisecret-->
                <apigee.override.delay>100000</apigee.override.delay> 
                <!--apigee.delay>1000</apigee.delay-->
            </properties>
        </profile>
    </profiles>		
	<dependencies>
		<dependency>
			<groupId>junit</groupId>
			<artifactId>junit</artifactId>
			<version>4.8.2</version>
			<scope>test</scope>
		</dependency>
	</dependencies>
	

</project>


